Subreddit,2019-11-16
announcements,8.63120753288006
funny,0
AskReddit,undefined
gaming,0.4144638775043721
pics,1.7261568649366401
science,undefined
worldnews,1.3335993419487406
aww,3.563488514497897
movies,0.4593154454464156
todayilearned,0
videos,2.3197144598519364
Music,0
IAmA,2.558752147752584
news,1.037833493522933
gifs,1.561558916759072
EarthPorn,0.5302716157270077
Showerthoughts,0.5332673503865122
askscience,1.0944860504195797
blog,7.456298633707839
Jokes,2.873217606640764
explainlikeimfive,0
books,0
food,0
LifeProTips,1.778221832699437
DIY,0
mildlyinteresting,0
Art,3.022231474280176
sports,0
space,0.6227372065179662
gadgets,0.6244898308388191
nottheonion,0
television,0
photoshopbattles,0
Documentaries,0
GetMotivated,2.6113340646374383
listentothis,0
UpliftingNews,0
tifu,2.00491886795063
InternetIsBeautiful,1.38144625127637
history,0
Futurology,4.207305733968693
philosophy,0
OldSchoolCool,2.116704054715953
WritingPrompts,0
personalfinance,1.4303140619253043
dataisbeautiful,0.7175358956300988
nosleep,2.2070636188295194
creepy,2.254772451370571
TwoXChromosomes,3.1925554714494555
technology,1.2079175127625545
AdviceAnimals,0
Fitness,3.9812493771003576
memes,2.8786355727966635
WTF,1.6834005094306623
wholesomememes,0
politics,14.447735317488982
bestof,3.8808659531435885
interestingasfuck,2.232323735159791
BlackPeopleTwitter,0
oddlysatisfying,5.503792388145051